{"assets/113661":["categories/56494"],"assets/118157":["assets/118151","assets/118152","assets/118153","assets/118154","assets/118155","assets/118156","assets/113661","dataExtensions/74df719b-7986-ec11-ba2d-d4f5ef28b92f","assets/117527","categories/54795"],"assets/113662":["assets/113661","assets/117530","assets/117532","assets/117529","assets/117531","assets/117528","assets/117533","assets/117527","categories/54795"],"categories/56494":["categories/54795"],"categories/54795":["categories/39592"],"assets/118156":["categories/56492"],"assets/117529":["categories/49940"],"assets/117530":["categories/49940"],"assets/118153":["categories/56492"],"assets/118152":["categories/56492"],"assets/117527":["categories/49940"],"assets/118154":["categories/56492"],"assets/117531":["categories/49940"],"assets/118155":["categories/56492"],"assets/117532":["categories/49940"],"assets/117533":["categories/49940"],"dataExtensions/74df719b-7986-ec11-ba2d-d4f5ef28b92f":["categories/56491"],"assets/118151":["categories/56492"],"categories/39592":["categories/7964"],"assets/117528":["categories/49940"],"categories/56492":["categories/54795"],"categories/7964":[],"categories/56491":["categories/39591"],"categories/39591":["categories/7953"],"categories/49940":["categories/39592"],"categories/7953":[]}