{"issues":[],"originID":"4b29554d-7b86-ec11-ba2d-d4f5ef28b92f","originEID":"mcxqdjf10j-ts2tln1bh5s72fqnm","data":{"categoryId":"{{mcpm#/entities/categories/56491/data/id}}","dataRetentionProperties":{"isDeleteAtEndOfRetentionPeriod":false,"isResetRetentionPeriodOnImport":false,"isRowBasedRetention":false,"rowBasedThreshold":100000000},"description":"","isFieldAdditionAllowed":true,"isFieldModificationAllowed":true,"isObjectDeletable":true,"isSendable":true,"isTestable":true,"name":"NTO_demo_customers","sendableCustomObjectField":"EmailAddress","sendableSubscriberField":"_SubscriberKey","fields":[{"description":"","isHidden":false,"isInheritable":false,"isOverridable":false,"isPrimaryKey":true,"isNullable":false,"isReadOnly":false,"isTemplateField":false,"length":254,"masktype":"None","mustOverride":false,"name":"EmailAddress","ordinal":0,"type":"EmailAddress"},{"description":"","isHidden":false,"isInheritable":false,"isOverridable":false,"isPrimaryKey":false,"isNullable":true,"isReadOnly":false,"isTemplateField":false,"length":150,"masktype":"None","mustOverride":false,"name":"FirstName","ordinal":1,"type":"Text"},{"description":"","isHidden":false,"isInheritable":false,"isOverridable":false,"isPrimaryKey":false,"isNullable":true,"isReadOnly":false,"isTemplateField":false,"length":10,"masktype":"None","mustOverride":false,"name":"P1","ordinal":2,"type":"Text"},{"description":"","isHidden":false,"isInheritable":false,"isOverridable":false,"isPrimaryKey":false,"isNullable":true,"isReadOnly":false,"isTemplateField":false,"length":10,"masktype":"None","mustOverride":false,"name":"P2","ordinal":3,"type":"Text"},{"description":"","isHidden":false,"isInheritable":false,"isOverridable":false,"isPrimaryKey":false,"isNullable":true,"isReadOnly":false,"isTemplateField":false,"length":10,"masktype":"None","mustOverride":false,"name":"P3","ordinal":4,"type":"Text"},{"description":"","isHidden":false,"isInheritable":false,"isOverridable":false,"isPrimaryKey":false,"isNullable":true,"isReadOnly":false,"isTemplateField":false,"length":10,"masktype":"None","mustOverride":false,"name":"P4","ordinal":5,"type":"Text"},{"description":"","isHidden":false,"isInheritable":false,"isOverridable":false,"isPrimaryKey":false,"isNullable":true,"isReadOnly":false,"isTemplateField":false,"length":10,"masktype":"None","mustOverride":false,"name":"P5","ordinal":6,"type":"Text"},{"description":"","isHidden":false,"isInheritable":false,"isOverridable":false,"isPrimaryKey":false,"isNullable":true,"isReadOnly":false,"isTemplateField":false,"length":10,"masktype":"None","mustOverride":false,"name":"P6","ordinal":7,"type":"Text"}]}}