{"issues":[],"originID":"74df719b-7986-ec11-ba2d-d4f5ef28b92f","originEID":"mcxqdjf10j-ts2tln1bh5s72fqnm","data":{"categoryId":"{{mcpm#/entities/categories/56491/data/id}}","dataRetentionProperties":{"isDeleteAtEndOfRetentionPeriod":false,"isResetRetentionPeriodOnImport":false,"isRowBasedRetention":false,"rowBasedThreshold":100000000},"description":"","isFieldAdditionAllowed":true,"isFieldModificationAllowed":true,"isObjectDeletable":true,"isSendable":false,"isTestable":false,"name":"NTO_Product_catalogue","fields":[{"description":"","isHidden":false,"isInheritable":false,"isOverridable":false,"isPrimaryKey":true,"isNullable":false,"isReadOnly":false,"isTemplateField":false,"length":10,"masktype":"None","mustOverride":false,"name":"P_ID","ordinal":0,"type":"Text"},{"description":"","isHidden":false,"isInheritable":false,"isOverridable":false,"isPrimaryKey":false,"isNullable":true,"isReadOnly":false,"isTemplateField":false,"length":1000,"masktype":"None","mustOverride":false,"name":"ProdURL","ordinal":1,"type":"Text"},{"description":"","isHidden":false,"isInheritable":false,"isOverridable":false,"isPrimaryKey":false,"isNullable":true,"isReadOnly":false,"isTemplateField":false,"length":1000,"masktype":"None","mustOverride":false,"name":"ProdIMG","ordinal":2,"type":"Text"},{"description":"","isHidden":false,"isInheritable":false,"isOverridable":false,"isPrimaryKey":false,"isNullable":true,"isReadOnly":false,"isTemplateField":false,"length":1000,"masktype":"None","mustOverride":false,"name":"ProdTitle","ordinal":3,"type":"Text"},{"description":"","isHidden":false,"isInheritable":false,"isOverridable":false,"isPrimaryKey":false,"isNullable":true,"isReadOnly":false,"isTemplateField":false,"length":10,"masktype":"None","mustOverride":false,"name":"ProdOfferPrice","ordinal":4,"type":"Text"},{"description":"","isHidden":false,"isInheritable":false,"isOverridable":false,"isPrimaryKey":false,"isNullable":true,"isReadOnly":false,"isTemplateField":false,"length":50,"masktype":"None","mustOverride":false,"name":"ProdOriginalPrice","ordinal":5,"type":"Text"}]}}