{"issues":[],"originID":"113661","originEID":"mcxqdjf10j-ts2tln1bh5s72fqnm","data":{"assetType":{"id":4,"name":"template"},"name":"NTO_Resp_template","category":{"id":"{{mcpm#/entities/categories/56494/data/id}}"},"content":"<!DOCTYPE html PUBLIC \"-//W3C//DTD XHTML 1.0 Transitional//EN\" \"http://www.w3.org/TR/xhtml1/DTD/xhtml1-transitional.dtd\">\n<html xmlns=\"http://www.w3.org/1999/xhtml\"\nxmlns:v=\"urn:schemas-microsoft-com:vml\"\nxmlns:o=\"urn:schemas-microsoft-com:office:office\">\n<head>\n<!--[if gte mso 9]><xml>\n<o:OfficeDocumentSettings>\n<o:AllowPNG/>\n<o:PixelsPerInch>96</o:PixelsPerInch>\n</o:OfficeDocumentSettings>\n</xml><![endif]-->\n<title>Responsive Email Template</title>\n<meta http-equiv=\"Content-Type\" content=\"text/html; charset=UTF-8\"/>\n<meta name=\"format-detection\" content=\"telephone=no\" />\n<meta name=\"viewport\" content=\"width=device-width; initial-scale=1.0; maximum-scale=1.0; user-scalable=no;\" />\n<meta http-equiv=\"X-UA-Compatible\" content=\"IE=9; IE=8; IE=7; IE=EDGE\" />\n<meta name=\"color-scheme\" content=\"light dark\"/>\n<meta name=\"supported-color-schemes\" content=\"light dark\"/>\n<style type=\"text/css\">\n:root { color-scheme: light dark; supported-color-schemes: light dark; }\nbody { margin: 0; padding: 0; -webkit-text-size-adjust: 100% !important; -ms-text-size-adjust: 100% !important; -webkit-font-smoothing: antialiased !important; }\nimg { border: 0 !important; outline: none !important; }\np { Margin: 0px !important; Padding: 0px !important; }\ntable { mso-table-lspace: 0px; mso-table-rspace: 0px; }\ntd, a, span { mso-line-height-rule: exactly; }\n.ExternalClass * { line-height: 100%; }\n.em_defaultlink a { color: inherit; text-decoration: none; }\n.em_g_img + div { display: none; }\na[x-apple-data-detectors], u + .em_body a, #MessageViewBody a { color: inherit; text-decoration: none; font-size: inherit; font-family: inherit; font-weight: inherit; line-height: inherit; }\n.em_black a { color: #000000; text-decoration: none; }\n.em_blue a { text-decoration: underline; color: #0000FF; }\n@media only screen and (max-width:599px) {\n.em_main_table { width: 100% !important; }\n.em_wrapper { width: 100% !important; }\n.em_hide { display: none !important; }\n.em_full_img img { width: 100% !important; height: auto !important; }\n.em_center { text-align: center !important; }\n.em_side10 { width: 10px !important; }\n.em_aside10 { padding: 0px 10px !important; }\n.em_side15 { width: 15px !important; }\n.em_aside15 { padding: 0px 15px !important; }\n.em_ptop { padding-top: 20px !important; }\n.em_pbottom { padding-bottom: 20px !important; }\n.em_h20 { height: 20px !important; font-size: 1px!important; line-height: 1px!important; }\n.em_h30 { height: 30px !important; }\n.em_hauto { height: auto !important; }\n.em_clear { clear: both !important; width: 100% !important; display: block !important; }\nu + .em_body .em_full_wrap { width: 100% !important; width: 100vw !important; }\n.em_p20_10 { padding: 20px 10px !important; }\n.em_plrb20 { padding: 0px 10px 20px !important; }\n}\n @media screen and (max-width:480px) {\n}\n @media screen and (max-width:374px) {\n}\n @media screen and (prefers-color-scheme:dark) {\n.em_dm_txt_white { color: #FFFFFF!important; }\n.em_dm_txt_white a { color: #FFFFFF!important; }\n.em_body { background-color: #000000 !important; color: #ffffff !important; }\n.em_main_table { background-color: #000000 !important; color: #ffffff !important; }\n.em_full_wrap { background-color: #000000 !important; color: #ffffff !important; }\n.em_bgblack { background-color: #000000 !important; }\n}\n</style>\n</head>\n<body class=\"em_body\" style=\"margin:0px auto; padding:0px;\" bgcolor=\"#f5f5f5\">\n<!-- == Body Section == -->\n<table width=\"100%\" border=\"0\" cellspacing=\"0\" cellpadding=\"0\" class=\"em_full_wrap\" bgcolor=\"#f5f5f5\">\n  <tr>\n    <td align=\"center\" valign=\"top\">\n  \n  \n  <table align=\"center\" width=\"600\" border=\"0\" cellspacing=\"0\" cellpadding=\"0\" class=\"em_main_table\" style=\"width:600px; table-layout:fixed;background-color:#ffffff;\" bgcolor=\"#ffffff\">\n  \n  \n  \n   <tr>\n     <td align=\"center\" valign=\"top\"><div data-type=\"slot\" data-key=\"cont1\" data-label=\"Header\"></div></td>\n              </tr>\n    <tr>\n                <td align=\"center\" valign=\"top\"><div data-type=\"slot\" data-key=\"cont2\" data-label=\"Hero_Block\"></div></td>\n              </tr>\n    <tr>\n                <td align=\"center\" valign=\"top\"><div data-type=\"slot\" data-key=\"cont3\" data-label=\"v_ContentBlock3\"> </div></td>\n              </tr>\n    <tr>\n                <td align=\"center\" valign=\"top\"><div data-type=\"slot\" data-key=\"cont4\" data-label=\"v_ContentBlock4\"> </div></td>\n              </tr>\n    <tr>\n                <td align=\"center\" valign=\"top\"><div data-type=\"slot\" data-key=\"cont5\" data-label=\"v_ContentBlock5\"> </div></td>\n              </tr>\n    <tr>\n                <td align=\"center\" valign=\"top\"><div data-type=\"slot\" data-key=\"cont6\" data-label=\"v_ContentBlock6\"> </div></td>\n              </tr>\n   <tr>\n                <td align=\"center\" valign=\"top\"><div data-type=\"slot\" data-key=\"cont7\" data-label=\"Footer\"> </div></td>\n              </tr>\n</table>\n</td>\n  </tr>\n</table>\n<!-- == //Body Section == -->\n<custom name=\"opencounter\" type=\"tracking\"/>\n</body>\n</html>","slots":{"cont3":{"thumbnail":{},"content":"","design":"<p style=\"font-family: arial; color: #CCCCCC; font-size: 12px; font-weight: bold; text-align: center; display: flex; flex-direction: column; justify-content: center; height: 150px; padding: 10px; margin: 0; border: 1px dashed #CCCCCC;\">v_ContentBlock3</p>","maxBlocks":0,"allowedBlocks":[],"modelVersion":2},"cont4":{"thumbnail":{},"content":"","design":"<p style=\"font-family: arial; color: #CCCCCC; font-size: 12px; font-weight: bold; text-align: center; display: flex; flex-direction: column; justify-content: center; height: 150px; padding: 10px; margin: 0; border: 1px dashed #CCCCCC;\">v_ContentBlock4</p>","maxBlocks":0,"allowedBlocks":[],"modelVersion":2},"cont5":{"thumbnail":{},"content":"","design":"<p style=\"font-family: arial; color: #CCCCCC; font-size: 12px; font-weight: bold; text-align: center; display: flex; flex-direction: column; justify-content: center; height: 150px; padding: 10px; margin: 0; border: 1px dashed #CCCCCC;\">v_ContentBlock5</p>","maxBlocks":0,"allowedBlocks":[],"modelVersion":2},"cont6":{"thumbnail":{},"content":"","design":"<p style=\"font-family: arial; color: #CCCCCC; font-size: 12px; font-weight: bold; text-align: center; display: flex; flex-direction: column; justify-content: center; height: 150px; padding: 10px; margin: 0; border: 1px dashed #CCCCCC;\">v_ContentBlock6</p>","maxBlocks":0,"allowedBlocks":[],"modelVersion":2},"cont7":{"thumbnail":{},"content":"","design":"<p style=\"font-family: arial; color: #CCCCCC; font-size: 12px; font-weight: bold; text-align: center; display: flex; flex-direction: column; justify-content: center; height: 150px; padding: 10px; margin: 0; border: 1px dashed #CCCCCC;\">Footer</p>","maxBlocks":0,"allowedBlocks":[],"modelVersion":2},"cont1":{"thumbnail":{},"content":"","design":"<p style=\"font-family: arial; color: #CCCCCC; font-size: 12px; font-weight: bold; text-align: center; display: flex; flex-direction: column; justify-content: center; height: 150px; padding: 10px; margin: 0; border: 1px dashed #CCCCCC;\">Header</p>","maxBlocks":0,"allowedBlocks":[],"modelVersion":2},"cont2":{"thumbnail":{},"content":"<div data-type=\"block\" data-key=\"kcol1hti0w8\"></div>","design":"<p style=\"font-family: arial; color: #CCCCCC; font-size: 12px; font-weight: bold; text-align: center; display: flex; flex-direction: column; justify-content: center; height: 150px; padding: 10px; margin: 0; border: 1px dashed #CCCCCC;\">Hero_Block</p>","blocks":{"kcol1hti0w8":{"assetType":{"id":213,"name":"layoutblock"},"content":"<table role=\"presentation\" style=\"min-width: 100%; \" class=\"stylingblock-content-wrapper\" width=\"100%\" cellspacing=\"0\" cellpadding=\"0\"><tr><td style=\"padding: 10px; \" class=\"stylingblock-content-wrapper camarker-inner\"><table style=\"width: 100%;\" role=\"presentation\" cellspacing=\"0\" cellpadding=\"0\"><tr><td><table style=\"width: 100%;\" role=\"presentation\" cellspacing=\"0\" cellpadding=\"0\"><tr><td style=\"width: 50%; padding-right: 3px;\" class=\"responsive-td\" valign=\"top\"><div data-type=\"slot\" data-key=\"hxyu4azbuih\"></div></td><td style=\"width: 50%; padding-left: 3px;\" class=\"responsive-td\" valign=\"top\"><div data-type=\"slot\" data-key=\"esl8fzmayz\"></div></td></tr></table></td></tr></table></td></tr></table>","design":"<table role=\"presentation\" style=\"min-width: 100%; \" class=\"stylingblock-content-wrapper\" width=\"100%\" cellspacing=\"0\" cellpadding=\"0\"><tr><td style=\"padding: 10px; \" class=\"stylingblock-content-wrapper camarker-inner\"></td></tr></table>","meta":{"options":{"layout":{"key":"two_column","spacing":6,"css":{"padding":10},"layoutClass":"contentlayouts-empty","rows":[{"columns":[{"width":50,"slot":"hxyu4azbuih"},{"width":50,"slot":"esl8fzmayz"}]}]}},"wrapperStyles":{"mobile":{"visible":true},"styling":{"padding":"10px"}}},"slots":{"hxyu4azbuih":{"content":"","design":"<p style=\"font-family: arial; color: #CCCCCC; font-size: 12px; font-weight: bold; text-align: center; display: flex; flex-direction: column; justify-content: center; height: 150px; padding: 10px; margin: 0; border: 1px dashed #CCCCCC;\">Drop blocks or content here</p>","blocks":{},"modelVersion":2},"esl8fzmayz":{"content":"","design":"<p style=\"font-family: arial; color: #CCCCCC; font-size: 12px; font-weight: bold; text-align: center; display: flex; flex-direction: column; justify-content: center; height: 150px; padding: 10px; margin: 0; border: 1px dashed #CCCCCC;\">Drop blocks or content here</p>","blocks":{},"modelVersion":2}},"modelVersion":2}},"maxBlocks":0,"allowedBlocks":[],"modelVersion":2}},"fileProperties":{"fileName":"Resp_template"}}}