{"issues":[{"type":"UNSUPPORTED_AMPSCRIPT","level":"INFO","issue":"UNRESOLVED_VARIABLE"}],"originID":"118156","originEID":"mcxqdjf10j-ts2tln1bh5s72fqnm","data":{"assetType":{"id":195,"name":"freeformblock"},"name":"NTO_P6","category":{"id":"{{mcpm#/entities/categories/56492/data/id}}"},"content":"<table role=\"presentation\" style=\"min-width: 100%; \" class=\"stylingblock-content-wrapper\" width=\"100%\" cellspacing=\"0\" cellpadding=\"0\"><tr><td class=\"stylingblock-content-wrapper camarker-inner\">%%[IF NOT EMPTY(@P6) THEN]%%\n<table role=\"presentation\" width=\"100%\" cellspacing=\"0\" cellpadding=\"0\">\n  <tr>\n   <td align=\"center\">\n    <a alias=\"\" conversion=\"false\" data-linkto=\"other\" href=\"%%=v(@ProdURL_6)=%%\" title=\"\"><img alt=\"\" src=\"%%=v(@ProdIMG_6)=%%\" style=\"display: block; padding: 0px; text-align: center; height: auto; width: 100%; border: 0px none transparent;\"></a></td></tr></table><div class=\"thumb-title\" style=\"text-align:center;height:60px !important;\">\n <b><a alias=\"\" conversion=\"false\" data-linkto=\"https://\" href=\"%%=v(@ProdURL_6)=%%\" style=\"color:#0C0C0C;text-decoration:none;\" title=\"\">%%=v(@ProdTitle_6)=%%</a> </b><br>\n &nbsp;</div><div class=\"thumb-price\" style=\"text-align: center;\">\n <span style=\"color:#0d7fb3;\"><span class=\"sale\">$%%=v(@ProdOfferPrice_6)=%%</span></span> <s> <span style=\"color:#95a5a6;\"> <span class=\"price\">$%%=v(@ProdOriginalPrice_6)=%%</span></span> </s><br>\n <br>\n &nbsp;</div><table role=\"presentation\" width=\"100%\" cellspacing=\"0\" cellpadding=\"0\" border=\"0\">\n \n  <tr>\n   <td align=\"center\">\n    <table role=\"presentation\" cellspacing=\"0\" cellpadding=\"0\" border=\"0\">\n     \n      <tr>\n       <td class=\"innertd buttonblock\" style=\" border-radius: 3px; -moz-border-radius: 3px; -webkit-border-radius: 3px; background-color: #565656;\" bgcolor=\"#565656\">\n        <a alias=\"CTA_1803100\" class=\"buttonstyles\" conversion=\"false\" data-linkto=\"other\" href=\"%%=v(@ProdURL_6)=%%\" style=\" font-size: 16px; font-family: Arial, Helvetica, sans-serif; color: #FFFFFF; text-align: center; text-decoration: none; display: block; background-color: #565656; border: 1px solid #565656; padding: 10px; border-radius: 3px; -moz-border-radius: 3px; -webkit-border-radius: 3px;\" target=\"_blank\" title=\"\">VIEW THIS ITEM</a></td></tr></table></td></tr></table> %%[ENDIF]%%</td></tr></table>","design":"","meta":{"wrapperStyles":{"mobile":{"visible":true},"styling":{}}},"fileProperties":{"fileName":"NTO_P6"}}}